22,3202,ns3::TcpNewReno,0.1,10,49160,368502,734490
22,3202,ns3::TcpNewReno,0.1,10,49160,368545,734533
10,7973,ns3::TcpNewReno,0.1,10,40358,517549,1167204
10,7973,ns3::TcpNewReno,0.1,10,40358,517592,1167247
15,8956,ns3::TcpNewReno,0.1,10,26752,185575,1341090
15,8956,ns3::TcpNewReno,0.1,10,26752,185618,1341133
4,2844,ns3::TcpNewReno,0.1,10,34403,193181,1574295
4,2844,ns3::TcpNewReno,0.1,10,34403,193224,1574338
12,3203,ns3::TcpNewReno,0.1,10,65372,556439,1785017
12,3203,ns3::TcpNewReno,0.1,10,65372,556482,1785060
22,7975,ns3::TcpNewReno,0.1,10,2939,101298,1889616
22,7975,ns3::TcpNewReno,0.1,10,2939,101341,1889659
12,671,ns3::TcpNewReno,0.1,10,139115,361768,2056223
12,671,ns3::TcpNewReno,0.1,10,139115,361811,2056266
23,7686,ns3::TcpNewReno,0.1,10,184070,798757,2079642
23,7686,ns3::TcpNewReno,0.1,10,184070,798800,2079685
23,4457,ns3::TcpNewReno,0.1,10,69020,576011,2121900
23,4457,ns3::TcpNewReno,0.1,10,69020,576054,2121943
6,9576,ns3::TcpNewReno,0.1,10,194989,1217873,2441460
6,9576,ns3::TcpNewReno,0.1,10,194989,1217916,2441503
8,7976,ns3::TcpNewReno,0.1,10,69315,301713,2626688
8,7976,ns3::TcpNewReno,0.1,10,69315,301756,2626731
12,1873,ns3::TcpNewReno,0.1,10,154016,785717,2921786
12,1873,ns3::TcpNewReno,0.1,10,154016,785760,2921829
2,672,ns3::TcpNewReno,0.1,10,786154,898773,3606947
2,672,ns3::TcpNewReno,0.1,10,786154,898816,3606990
17,9272,ns3::TcpNewReno,0.1,10,3225430,2982833,3691044
17,9272,ns3::TcpNewReno,0.1,10,3225430,2982876,3691087
5,978,ns3::TcpNewReno,0.1,10,1446783,2077557,3713213
5,978,ns3::TcpNewReno,0.1,10,1446783,2077600,3713256
14,9577,ns3::TcpNewReno,0.1,10,20132,141549,3755424
14,9577,ns3::TcpNewReno,0.1,10,20132,141592,3755467
20,5783,ns3::TcpNewReno,0.1,10,28980,373488,4167017
20,5783,ns3::TcpNewReno,0.1,10,28980,373531,4167060
18,8957,ns3::TcpNewReno,0.1,10,25003,371186,4407338
18,8957,ns3::TcpNewReno,0.1,10,25003,371229,4407381
12,9273,ns3::TcpNewReno,0.1,10,1572,89833,4737671
12,9273,ns3::TcpNewReno,0.1,10,1572,89876,4737714
5,6099,ns3::TcpNewReno,0.1,10,914651,3795893,5125488
5,6099,ns3::TcpNewReno,0.1,10,914651,3795936,5125531
16,6421,ns3::TcpNewReno,0.1,10,3944,1078243,5562467
16,6421,ns3::TcpNewReno,0.1,10,3944,1078286,5562510
14,3549,ns3::TcpNewReno,0.1,10,38177,287238,5586122
14,3549,ns3::TcpNewReno,0.1,10,38177,287281,5586165
0,7688,ns3::TcpNewReno,0.1,10,756151,954055,6057576
0,7688,ns3::TcpNewReno,0.1,10,756151,954098,6057619
14,7393,ns3::TcpNewReno,0.1,10,56321,544995,6122656
14,7393,ns3::TcpNewReno,0.1,10,56321,545038,6122699
22,5116,ns3::TcpNewReno,0.1,10,7867,119513,6507552
22,5116,ns3::TcpNewReno,0.1,10,7867,119556,6507595
18,4782,ns3::TcpNewReno,0.1,10,1310638,1510964,6818269
18,4782,ns3::TcpNewReno,0.1,10,1310638,1511007,6818312
21,674,ns3::TcpNewReno,0.1,10,6271,102175,6933238
21,674,ns3::TcpNewReno,0.1,10,6271,102218,6933281
18,7394,ns3::TcpNewReno,0.1,10,22867,402590,7090606
18,7394,ns3::TcpNewReno,0.1,10,22867,402633,7090649
21,5117,ns3::TcpNewReno,0.1,10,90958,636770,7449572
21,5117,ns3::TcpNewReno,0.1,10,90958,636813,7449615
1,6422,ns3::TcpNewReno,0.1,10,1904230,1825065,7488219
1,6422,ns3::TcpNewReno,0.1,10,1904230,1825108,7488262
6,1874,ns3::TcpNewReno,0.1,10,20759,384561,7959703
6,1874,ns3::TcpNewReno,0.1,10,20759,384604,7959746
10,2846,ns3::TcpNewReno,0.1,10,48479,1412648,8048357
10,2846,ns3::TcpNewReno,0.1,10,48479,1412691,8048400
17,6102,ns3::TcpNewReno,0.1,10,1748269,2206317,8086355
17,6102,ns3::TcpNewReno,0.1,10,1748269,2206360,8086398
15,3550,ns3::TcpNewReno,0.1,10,9877,88988,8316353
15,3550,ns3::TcpNewReno,0.1,10,9877,89031,8316396
11,4458,ns3::TcpNewReno,0.1,10,76855,293130,8337544
11,4458,ns3::TcpNewReno,0.1,10,76855,293173,8337587
15,1875,ns3::TcpNewReno,0.1,10,20079,309583,8419684
15,1875,ns3::TcpNewReno,0.1,10,20079,309626,8419727
12,8959,ns3::TcpNewReno,0.1,10,198029,778010,8474560
12,8959,ns3::TcpNewReno,0.1,10,198029,778053,8474603
22,9275,ns3::TcpNewReno,0.1,10,325757,524491,9595845
22,9275,ns3::TcpNewReno,0.1,10,325757,524534,9595888
16,3547,ns3::TcpNewReno,0.1,10,10161963,9160977,9828145
16,3547,ns3::TcpNewReno,0.1,10,10161963,9161020,9828188
1,347,ns3::TcpNewReno,0.1,10,1450082,1427799,12175583
1,347,ns3::TcpNewReno,0.1,10,1450082,1427842,12175626
15,1571,ns3::TcpNewReno,0.1,10,69085,286871,12293656
15,1571,ns3::TcpNewReno,0.1,10,69085,286914,12293699
9,7392,ns3::TcpNewReno,0.1,10,9062282,7557008,12562433
9,7392,ns3::TcpNewReno,0.1,10,9062282,7557051,12562476
18,4461,ns3::TcpNewReno,0.1,10,159440,378651,13278436
18,4461,ns3::TcpNewReno,0.1,10,159440,378694,13278479
2,8305,ns3::TcpNewReno,0.1,10,319622,530270,15399554
2,8305,ns3::TcpNewReno,0.1,10,319622,530313,15399597
7,9579,ns3::TcpNewReno,0.1,10,9114,181623,15661517
7,9579,ns3::TcpNewReno,0.1,10,9114,181666,15661560
21,979,ns3::TcpNewReno,0.1,10,1360915,1825986,16500654
21,979,ns3::TcpNewReno,0.1,10,1360915,1826029,16500697
17,6742,ns3::TcpNewReno,0.1,10,4812994,4105446,16643430
17,6742,ns3::TcpNewReno,0.1,10,4812994,4105489,16643473
3,7979,ns3::TcpNewReno,0.1,10,63418,485772,17716140
3,7979,ns3::TcpNewReno,0.1,10,63418,485815,17716183
13,2542,ns3::TcpNewReno,0.1,10,40267,477813,17758482
13,2542,ns3::TcpNewReno,0.1,10,40267,477856,17758525
6,2,ns3::TcpNewReno,0.1,10,27777,377462,18010312
6,2,ns3::TcpNewReno,0.1,10,27777,377505,18010355
20,1572,ns3::TcpNewReno,0.1,10,156449,711092,18662933
20,1572,ns3::TcpNewReno,0.1,10,156449,711135,18662976
6,4154,ns3::TcpNewReno,0.1,10,29131,380700,18722898
6,4154,ns3::TcpNewReno,0.1,10,29131,380743,18722941
19,7397,ns3::TcpNewReno,0.1,10,1333933,1341656,19770140
19,7397,ns3::TcpNewReno,0.1,10,1333933,1341699,19770183
15,7099,ns3::TcpNewReno,0.1,10,6771251,5721900,19886384
15,7099,ns3::TcpNewReno,0.1,10,6771251,5721943,19886427
11,4787,ns3::TcpNewReno,0.1,10,3449,52641,19889186
11,4787,ns3::TcpNewReno,0.1,10,3449,52684,19889229
19,9277,ns3::TcpNewReno,0.1,10,94970,986932,20154612
19,9277,ns3::TcpNewReno,0.1,10,94970,986975,20154655
15,5453,ns3::TcpNewReno,0.1,10,26453,2954358,20237948
15,5453,ns3::TcpNewReno,0.1,10,26453,2954401,20237991
15,3814,ns3::TcpNewReno,0.1,10,679635,5425310,20491660
15,3814,ns3::TcpNewReno,0.1,10,679635,5425353,20491703
21,4463,ns3::TcpNewReno,0.1,10,2731228,2457065,20957250
21,4463,ns3::TcpNewReno,0.1,10,2731228,2457108,20957293
5,9580,ns3::TcpNewReno,0.1,10,68062,2186140,20992442
5,9580,ns3::TcpNewReno,0.1,10,68062,2186183,20992485
7,2214,ns3::TcpNewReno,0.1,10,58526,721022,21087115
7,2214,ns3::TcpNewReno,0.1,10,58526,721065,21087158
18,6423,ns3::TcpNewReno,0.1,10,37633,639848,21145402
18,6423,ns3::TcpNewReno,0.1,10,37633,639891,21145445
20,3208,ns3::TcpNewReno,0.1,10,56722,247694,21228587
20,3208,ns3::TcpNewReno,0.1,10,56722,247737,21228630
20,6107,ns3::TcpNewReno,0.1,10,78767,1683846,21338144
20,6107,ns3::TcpNewReno,0.1,10,78767,1683889,21338187
20,6106,ns3::TcpNewReno,0.1,10,2573153,2802436,21393347
20,6106,ns3::TcpNewReno,0.1,10,2573153,2802479,21393390
11,4788,ns3::TcpNewReno,0.1,10,74513,348997,21463172
11,4788,ns3::TcpNewReno,0.1,10,74513,349040,21463215
23,4785,ns3::TcpNewReno,0.1,10,1593765,5886356,22095084
23,4785,ns3::TcpNewReno,0.1,10,1593765,5886399,22095127
16,8961,ns3::TcpNewReno,0.1,10,23931,498269,22195067
16,8961,ns3::TcpNewReno,0.1,10,23931,498312,22195110
6,8308,ns3::TcpNewReno,0.1,10,2125,310410,22914554
6,8308,ns3::TcpNewReno,0.1,10,2125,317651,22921795
22,9278,ns3::TcpNewReno,0.1,10,20838,1089254,23024128
22,9278,ns3::TcpNewReno,0.1,10,20838,1089297,23024171
22,8307,ns3::TcpNewReno,0.1,10,1271140,3023136,23378131
22,8307,ns3::TcpNewReno,0.1,10,1271140,3023179,23378174
16,1573,ns3::TcpNewReno,0.1,10,48527,1556273,23972276
16,1573,ns3::TcpNewReno,0.1,10,48527,1556316,23972319
21,7981,ns3::TcpNewReno,0.1,10,3848577,4049629,24713042
21,7981,ns3::TcpNewReno,0.1,10,3848577,4049672,24713085
23,3,ns3::TcpNewReno,0.1,10,430967,3306210,24976571
23,3,ns3::TcpNewReno,0.1,10,430967,3306253,24976614
6,9280,ns3::TcpNewReno,0.1,10,8591,332399,25232829
6,9280,ns3::TcpNewReno,0.1,10,8591,332442,25232872
5,346,ns3::TcpNewReno,0.1,10,49136,18040462,26077006
5,346,ns3::TcpNewReno,0.1,10,49136,18040505,26077049
15,3209,ns3::TcpNewReno,0.1,10,762,588363,26378702
15,3209,ns3::TcpNewReno,0.1,10,762,588406,26378745
4,348,ns3::TcpNewReno,0.1,10,5901,48499,26804283
4,348,ns3::TcpNewReno,0.1,10,5901,48542,26804326
11,5120,ns3::TcpNewReno,0.1,10,2115999,1965068,27624153
11,5120,ns3::TcpNewReno,0.1,10,2115999,1965111,27624196
19,5122,ns3::TcpNewReno,0.1,10,23650,144364,28767948
19,5122,ns3::TcpNewReno,0.1,10,23650,144407,28767991
0,4466,ns3::TcpNewReno,0.1,10,1737835,1674497,30069882
0,4466,ns3::TcpNewReno,0.1,10,1737835,1674540,30069925
21,2215,ns3::TcpNewReno,0.1,10,28306,3962150,30120641
21,2215,ns3::TcpNewReno,0.1,10,28306,3962193,30120684
22,6424,ns3::TcpNewReno,0.1,10,351,1552792,30236965
22,6424,ns3::TcpNewReno,0.1,10,351,1552835,30237008
15,8629,ns3::TcpNewReno,0.1,10,16227,138382,30299067
15,8629,ns3::TcpNewReno,0.1,10,16227,138425,30299110
16,5788,ns3::TcpNewReno,0.1,10,29902,239616,30320726
16,5788,ns3::TcpNewReno,0.1,10,29902,239659,30320769
19,4791,ns3::TcpNewReno,0.1,10,118767,345317,30566601
19,4791,ns3::TcpNewReno,0.1,10,118767,345360,30566644
13,3817,ns3::TcpNewReno,0.1,10,21632,2222706,30817139
13,3817,ns3::TcpNewReno,0.1,10,21632,2222749,30817182
23,1270,ns3::TcpNewReno,0.1,10,7255,1275559,31752402
23,1270,ns3::TcpNewReno,0.1,10,7255,1275602,31752445
2,1269,ns3::TcpNewReno,0.1,10,3545044,3877288,32092428
2,1269,ns3::TcpNewReno,0.1,10,3545044,3877331,32092471
9,5455,ns3::TcpNewReno,0.1,10,5910,3167659,32486021
9,5455,ns3::TcpNewReno,0.1,10,5910,3167702,32486064
19,9583,ns3::TcpNewReno,0.1,10,12852,4037833,32556087
19,9583,ns3::TcpNewReno,0.1,10,12852,4037876,32556130
0,4468,ns3::TcpNewReno,0.1,10,9462,88324,33147208
0,4468,ns3::TcpNewReno,0.1,10,9462,88367,33147251
2,7104,ns3::TcpNewReno,0.1,10,47851,5169979,33345384
2,7104,ns3::TcpNewReno,0.1,10,47851,5170022,33345427
18,1880,ns3::TcpNewReno,0.1,10,25456,2527043,33421957
18,1880,ns3::TcpNewReno,0.1,10,25456,2527086,33422000
2,9884,ns3::TcpNewReno,0.1,10,6838,114341,33429195
2,9884,ns3::TcpNewReno,0.1,10,6838,114384,33429238
21,2544,ns3::TcpNewReno,0.1,10,26368,1622542,33440380
21,2544,ns3::TcpNewReno,0.1,10,26368,1622585,33440423
17,7692,ns3::TcpNewReno,0.1,10,35942,813175,33643908
17,7692,ns3::TcpNewReno,0.1,10,35942,813218,33643951
9,4465,ns3::TcpNewReno,0.1,10,4267395,6391462,33706246
9,4465,ns3::TcpNewReno,0.1,10,4267395,6391505,33706289
16,9585,ns3::TcpNewReno,0.1,10,30000,192566,34565751
16,9585,ns3::TcpNewReno,0.1,10,30000,192609,34565794
0,9281,ns3::TcpNewReno,0.1,10,167904,1845869,34716961
0,9281,ns3::TcpNewReno,0.1,10,167904,1845912,34717004
23,8310,ns3::TcpNewReno,0.1,10,2624,392875,34727663
23,8310,ns3::TcpNewReno,0.1,10,2624,392918,34727706
9,7982,ns3::TcpNewReno,0.1,10,35873,9589900,35173192
9,7982,ns3::TcpNewReno,0.1,10,35873,9589943,35173235
5,980,ns3::TcpNewReno,0.1,10,9496990,14009682,35489842
5,980,ns3::TcpNewReno,0.1,10,9496990,14009725,35489885
3,5790,ns3::TcpNewReno,0.1,10,21368,337800,36068585
3,5790,ns3::TcpNewReno,0.1,10,21368,337843,36068628
22,7103,ns3::TcpNewReno,0.1,10,62799,9424479,36191916
22,7103,ns3::TcpNewReno,0.1,10,62799,9424522,36191959
13,7109,ns3::TcpNewReno,0.1,10,23988,144634,36214419
13,7109,ns3::TcpNewReno,0.1,10,23988,144677,36214462
19,9586,ns3::TcpNewReno,0.1,10,7486,326782,36857625
19,9586,ns3::TcpNewReno,0.1,10,7486,326825,36857668
1,9581,ns3::TcpNewReno,0.1,10,19669053,16152424,36884608
1,9581,ns3::TcpNewReno,0.1,10,19669053,16152467,36884651
3,9279,ns3::TcpNewReno,0.1,10,187438,13041925,37080790
3,9279,ns3::TcpNewReno,0.1,10,187438,13041968,37080833
17,678,ns3::TcpNewReno,0.1,10,9036,4048502,37496235
17,678,ns3::TcpNewReno,0.1,10,9036,4048545,37496278
19,1879,ns3::TcpNewReno,0.1,10,6451,6282048,37627768
19,1879,ns3::TcpNewReno,0.1,10,6451,6282091,37627811
0,679,ns3::TcpNewReno,0.1,10,1172267,5428747,38212057
0,679,ns3::TcpNewReno,0.1,10,1172267,5428790,38212100
13,7108,ns3::TcpNewReno,0.1,10,8950,1943810,38414896
13,7108,ns3::TcpNewReno,0.1,10,8950,1943853,38414939
6,8632,ns3::TcpNewReno,0.1,10,5277,47499,38630614
6,8632,ns3::TcpNewReno,0.1,10,5277,47542,38630657
9,7400,ns3::TcpNewReno,0.1,10,48928,244616,39254701
9,7400,ns3::TcpNewReno,0.1,10,48928,244659,39254744
0,5784,ns3::TcpNewReno,0.1,10,12898,32347110,39298331
0,5784,ns3::TcpNewReno,0.1,10,12898,32347153,39298374
23,4464,ns3::TcpNewReno,0.1,10,23888,10771598,39506689
23,4464,ns3::TcpNewReno,0.1,10,23888,10771641,39506732
6,8962,ns3::TcpNewReno,0.1,10,26174,184651,39715236
6,8962,ns3::TcpNewReno,0.1,10,26174,184694,39715279
1,981,ns3::TcpNewReno,0.1,10,5786,5896132,40009396
1,981,ns3::TcpNewReno,0.1,10,5786,5896175,40009439
22,8,ns3::TcpNewReno,0.1,10,8652,911901,40111297
22,8,ns3::TcpNewReno,0.1,10,8652,911944,40111340
5,7694,ns3::TcpNewReno,0.1,10,25797,5150341,40375524
5,7694,ns3::TcpNewReno,0.1,10,25797,5150384,40375567
14,7401,ns3::TcpNewReno,0.1,10,19799,1161655,40776016
14,7401,ns3::TcpNewReno,0.1,10,19799,1161698,40776059
4,5454,ns3::TcpNewReno,0.1,10,4635871,18844615,41039945
4,5454,ns3::TcpNewReno,0.1,10,4635871,18844658,41039988
18,3212,ns3::TcpNewReno,0.1,10,3996935,3699679,41108809
18,3212,ns3::TcpNewReno,0.1,10,3996935,3699722,41108852
4,349,ns3::TcpNewReno,0.1,10,4936493,13610270,41169768
4,349,ns3::TcpNewReno,0.1,10,4936493,13610313,41169811
23,4792,ns3::TcpNewReno,0.1,10,42688,2869496,41234342
23,4792,ns3::TcpNewReno,0.1,10,42688,2869539,41234385
11,3213,ns3::TcpNewReno,0.1,10,2548387,2282684,41287368
11,3213,ns3::TcpNewReno,0.1,10,2548387,2282727,41287411
20,8630,ns3::TcpNewReno,0.1,10,35429,2015452,41668257
20,8630,ns3::TcpNewReno,0.1,10,35429,2029998,41682803
7,10,ns3::TcpNewReno,0.1,10,301118,515010,41718153
7,10,ns3::TcpNewReno,0.1,10,301118,515053,41718196
12,3556,ns3::TcpNewReno,0.1,10,52970,10992042,41860916
12,3556,ns3::TcpNewReno,0.1,10,52970,10992085,41860959
20,6747,ns3::TcpNewReno,0.1,10,1638138,20472995,41867465
20,6747,ns3::TcpNewReno,0.1,10,1638138,20473038,41867508
18,9,ns3::TcpNewReno,0.1,10,21825,2426901,42057640
18,9,ns3::TcpNewReno,0.1,10,21825,2426944,42057683
16,7687,ns3::TcpNewReno,0.1,10,467289,37328405,42086704
16,7687,ns3::TcpNewReno,0.1,10,467289,37328448,42086747
3,2217,ns3::TcpNewReno,0.1,10,80868,296383,42439868
3,2217,ns3::TcpNewReno,0.1,10,80868,296426,42439911
17,4,ns3::TcpNewReno,0.1,10,8730694,18915211,42504359
17,4,ns3::TcpNewReno,0.1,10,8730694,18915254,42504402
8,3211,ns3::TcpNewReno,0.1,10,66511,14109302,42514648
8,3211,ns3::TcpNewReno,0.1,10,66511,14109345,42514691
23,5125,ns3::TcpNewReno,0.1,10,9460,3872788,42643110
23,5125,ns3::TcpNewReno,0.1,10,9460,3872831,42643153
2,7110,ns3::TcpNewReno,0.1,10,32550,4230040,42802316
2,7110,ns3::TcpNewReno,0.1,10,32550,4230083,42802359
22,2853,ns3::TcpNewReno,0.1,10,3727180,3337371,43193756
22,2853,ns3::TcpNewReno,0.1,10,3727180,3337414,43193799
11,8309,ns3::TcpNewReno,0.1,10,38369,7262312,43215163
11,8309,ns3::TcpNewReno,0.1,10,38369,7262355,43215206
7,5793,ns3::TcpNewReno,0.1,10,3661,598682,43217820
7,5793,ns3::TcpNewReno,0.1,10,3661,598725,43217863
4,5456,ns3::TcpNewReno,0.1,10,26833,7712060,43431408
4,5456,ns3::TcpNewReno,0.1,10,26833,7712103,43431451
21,7693,ns3::TcpNewReno,0.1,10,50154,8007072,43526905
21,7693,ns3::TcpNewReno,0.1,10,50154,8007115,43526948
12,4469,ns3::TcpNewReno,0.1,10,28554,7703576,43590995
12,4469,ns3::TcpNewReno,0.1,10,28554,7703619,43591038
8,1575,ns3::TcpNewReno,0.1,10,79148,8278977,43852665
8,1575,ns3::TcpNewReno,0.1,10,79148,8279020,43852708
11,5124,ns3::TcpNewReno,0.1,10,78536,7909599,43964179
11,5124,ns3::TcpNewReno,0.1,10,78536,7909642,43964222
17,1883,ns3::TcpNewReno,0.1,10,48893,8106355,44072543
17,1883,ns3::TcpNewReno,0.1,10,48893,8106398,44072586
3,5794,ns3::TcpNewReno,0.1,10,868,41602,44443687
3,5794,ns3::TcpNewReno,0.1,10,868,41645,44443730
10,3820,ns3::TcpNewReno,0.1,10,48096,2394867,44899443
10,3820,ns3::TcpNewReno,0.1,10,48096,2394910,44899486
18,8964,ns3::TcpNewReno,0.1,10,64739,1381283,44955701
18,8964,ns3::TcpNewReno,0.1,10,64739,1381326,44955744
8,4472,ns3::TcpNewReno,0.1,10,39866,2499787,44985086
8,4472,ns3::TcpNewReno,0.1,10,39866,2499830,44985129
11,7695,ns3::TcpNewReno,0.1,10,37438,3971583,45151740
11,7695,ns3::TcpNewReno,0.1,10,37438,3979118,45159275
16,7696,ns3::TcpNewReno,0.1,10,99381,4113816,45301648
16,7696,ns3::TcpNewReno,0.1,10,99381,4113859,45301691
23,1577,ns3::TcpNewReno,0.1,10,17868,142711,45562895
23,1577,ns3::TcpNewReno,0.1,10,17868,142754,45562938
7,9283,ns3::TcpNewReno,0.1,10,1092284,1362096,45770716
7,9283,ns3::TcpNewReno,0.1,10,1092284,1362139,45770759
22,3214,ns3::TcpNewReno,0.1,10,78852,294770,45850354
22,3214,ns3::TcpNewReno,0.1,10,78852,294813,45850397
0,7402,ns3::TcpNewReno,0.1,10,44286,3989797,46075827
0,7402,ns3::TcpNewReno,0.1,10,44286,3989840,46075870
1,7987,ns3::TcpNewReno,0.1,10,23337,3079991,46824252
1,7987,ns3::TcpNewReno,0.1,10,23337,3080034,46824295
14,5461,ns3::TcpNewReno,0.1,10,9703,100631,46925189
14,5461,ns3::TcpNewReno,0.1,10,9703,100674,46925232
15,5121,ns3::TcpNewReno,0.1,10,1728342,20528022,48265454
15,5121,ns3::TcpNewReno,0.1,10,1728342,20528065,48265497
13,680,ns3::TcpNewReno,0.1,10,74220,7600294,49785322
13,680,ns3::TcpNewReno,0.1,10,74220,7600337,49785365
10,1882,ns3::TcpNewReno,0.1,10,826070,18909229,50515678
10,1882,ns3::TcpNewReno,0.1,10,826070,18909272,50515721
20,9589,ns3::TcpNewReno,0.1,10,5680,48145,50579029
20,9589,ns3::TcpNewReno,0.1,10,5680,48188,50579072
12,4794,ns3::TcpNewReno,0.1,10,4265755,3885859,51094943
12,4794,ns3::TcpNewReno,0.1,10,4265755,3885902,51094986
0,2857,ns3::TcpNewReno,0.1,10,1015,47955,51128539
0,2857,ns3::TcpNewReno,0.1,10,1015,47998,51128582
18,9885,ns3::TcpNewReno,0.1,10,7619743,17472816,51182187
18,9885,ns3::TcpNewReno,0.1,10,7619743,17472859,51182230
20,1889,ns3::TcpNewReno,0.1,10,4851,3337864,51459462
20,1889,ns3::TcpNewReno,0.1,10,4851,3337907,51459505
23,2855,ns3::TcpNewReno,0.1,10,4403,1850572,51612570
23,2855,ns3::TcpNewReno,0.1,10,4403,1850615,51612613
7,8311,ns3::TcpNewReno,0.1,10,391759,11949314,52063976
7,8311,ns3::TcpNewReno,0.1,10,391759,11949357,52064019
6,7988,ns3::TcpNewReno,0.1,10,24285,6259453,53149138
6,7988,ns3::TcpNewReno,0.1,10,24285,6259496,53149181
4,5797,ns3::TcpNewReno,0.1,10,52203,244036,53421520
4,5797,ns3::TcpNewReno,0.1,10,52203,244079,53421563
19,1886,ns3::TcpNewReno,0.1,10,192062,12306099,54250895
19,1886,ns3::TcpNewReno,0.1,10,192062,12306142,54250938
17,9588,ns3::TcpNewReno,0.1,10,9376,2645559,54250981
17,9588,ns3::TcpNewReno,0.1,10,9376,2645602,54251024
6,8313,ns3::TcpNewReno,0.1,10,25901,4353319,54336354
6,8313,ns3::TcpNewReno,0.1,10,25901,4353362,54336397
15,3824,ns3::TcpNewReno,0.1,10,460804,629829,55307013
15,3824,ns3::TcpNewReno,0.1,10,460804,629872,55307056
5,7985,ns3::TcpNewReno,0.1,10,3596882,14967160,55342642
5,7985,ns3::TcpNewReno,0.1,10,3596882,14967203,55342685
17,7112,ns3::TcpNewReno,0.1,10,18332,3593172,55362018
17,7112,ns3::TcpNewReno,0.1,10,18332,3593215,55362061
20,6109,ns3::TcpNewReno,0.1,10,57534,4454004,55920842
20,6109,ns3::TcpNewReno,0.1,10,57534,4454047,55920885
23,6748,ns3::TcpNewReno,0.1,10,160174,10500045,55960931
23,6748,ns3::TcpNewReno,0.1,10,160174,10500088,55960974
20,1276,ns3::TcpNewReno,0.1,10,558499,736078,55996490
20,1276,ns3::TcpNewReno,0.1,10,558499,736121,55996533
8,4790,ns3::TcpNewReno,0.1,10,2847188,25177536,56130011
8,4790,ns3::TcpNewReno,0.1,10,2847188,25177579,56130054
2,992,ns3::TcpNewReno,0.1,10,92918,331432,56447816
2,992,ns3::TcpNewReno,0.1,10,92918,331475,56447859
12,12,ns3::TcpNewReno,0.1,10,29251,9485835,56706193
12,12,ns3::TcpNewReno,0.1,10,29251,9485878,56706236
5,354,ns3::TcpNewReno,0.1,10,20223,2498227,56834542
5,354,ns3::TcpNewReno,0.1,10,20223,2498270,56834585
1,7986,ns3::TcpNewReno,0.1,10,325548,13577587,57100049
1,7986,ns3::TcpNewReno,0.1,10,325548,13577630,57100092
7,353,ns3::TcpNewReno,0.1,10,214615,9699335,57327623
7,353,ns3::TcpNewReno,0.1,10,214615,9699378,57327666
21,8966,ns3::TcpNewReno,0.1,10,11692369,10182791,58014076
21,8966,ns3::TcpNewReno,0.1,10,11692369,10182834,58014119
4,8968,ns3::TcpNewReno,0.1,10,4721,269309,58015442
4,8968,ns3::TcpNewReno,0.1,10,4721,269352,58015485
23,3823,ns3::TcpNewReno,0.1,10,44677,2765659,58060346
23,3823,ns3::TcpNewReno,0.1,10,44677,2765702,58060389
18,6111,ns3::TcpNewReno,0.1,10,9677,1622945,58067867
18,6111,ns3::TcpNewReno,0.1,10,9677,1622988,58067910
23,2552,ns3::TcpNewReno,0.1,10,58263,2787826,58082602
23,2552,ns3::TcpNewReno,0.1,10,58263,2787869,58082645
22,5128,ns3::TcpNewReno,0.1,10,6766,468676,58119316
22,5128,ns3::TcpNewReno,0.1,10,6766,468719,58119359
17,9287,ns3::TcpNewReno,0.1,10,4515,2504823,58128182
17,9287,ns3::TcpNewReno,0.1,10,4515,2504866,58128225
1,8634,ns3::TcpNewReno,0.1,10,187055,13560821,58209301
1,8634,ns3::TcpNewReno,0.1,10,187055,13560864,58209344
21,9587,ns3::TcpNewReno,0.1,10,786830,9229818,58865638
21,9587,ns3::TcpNewReno,0.1,10,786830,9229861,58865681
10,1578,ns3::TcpNewReno,0.1,10,21495,142640,59924525
10,1578,ns3::TcpNewReno,0.1,10,21495,142683,59924568
16,8318,ns3::TcpNewReno,0.1,10,7660,50028,60076313
16,8318,ns3::TcpNewReno,0.1,10,7660,50071,60076356
10,8635,ns3::TcpNewReno,0.1,10,28069,10389359,60159907
10,8635,ns3::TcpNewReno,0.1,10,28069,10389402,60159950
2,8967,ns3::TcpNewReno,0.1,10,5367407,5448329,61818417
2,8967,ns3::TcpNewReno,0.1,10,5367407,5448372,61818460
8,6750,ns3::TcpNewReno,0.1,10,4172,113455,62490024
8,6750,ns3::TcpNewReno,0.1,10,4172,113498,62490067
9,3825,ns3::TcpNewReno,0.1,10,37985,470067,62507435
9,3825,ns3::TcpNewReno,0.1,10,37985,470110,62507478
7,6113,ns3::TcpNewReno,0.1,10,47121,5623286,63143940
7,6113,ns3::TcpNewReno,0.1,10,47121,5623329,63143983
16,4789,ns3::TcpNewReno,0.1,10,8335135,33988663,63864268
0,3216,ns3::TcpNewReno,0.1,10,15031,12374843,64323451
16,685,ns3::TcpNewReno,0.1,10,687725,2270335,64617144
16,685,ns3::TcpNewReno,0.1,10,687725,2270378,64617187
13,686,ns3::TcpNewReno,0.1,10,29869,431709,64672750
13,686,ns3::TcpNewReno,0.1,10,29869,431752,64672793
19,6115,ns3::TcpNewReno,0.1,10,25513,183593,64739878
19,6115,ns3::TcpNewReno,0.1,10,25513,183636,64739921
22,994,ns3::TcpNewReno,0.1,10,32879,191919,64869212
22,994,ns3::TcpNewReno,0.1,10,32879,191962,64869255
19,5,ns3::TcpNewReno,0.1,10,1172969,28426554,65059137
4,2547,ns3::TcpNewReno,0.1,10,1862126,24636766,65247011
3,2222,ns3::TcpNewReno,0.1,10,62599,1789465,65749759
3,2222,ns3::TcpNewReno,0.1,10,62599,1789508,65749802
2,5799,ns3::TcpNewReno,0.1,10,27164,759389,65918892
2,5799,ns3::TcpNewReno,0.1,10,27164,759432,65918935
6,6429,ns3::TcpNewReno,0.1,10,770834,3885787,66948075
6,6429,ns3::TcpNewReno,0.1,10,770834,3885873,66948161
6,5131,ns3::TcpNewReno,0.1,10,7326,509489,67021047
6,5131,ns3::TcpNewReno,0.1,10,7326,509532,67021090
0,9891,ns3::TcpNewReno,0.1,10,114384,1304763,67401127
0,9891,ns3::TcpNewReno,0.1,10,114384,1304806,67401170
20,2861,ns3::TcpNewReno,0.1,10,65412,2644290,67543098
20,2861,ns3::TcpNewReno,0.1,10,65412,2644333,67543141
5,7992,ns3::TcpNewReno,0.1,10,79798,2473072,67590277
5,7992,ns3::TcpNewReno,0.1,10,79798,2473115,67590320
0,3219,ns3::TcpNewReno,0.1,10,63523,270839,67712124
0,3219,ns3::TcpNewReno,0.1,10,63523,270882,67712167
23,19,ns3::TcpNewReno,0.1,10,4206,46942,67923620
23,19,ns3::TcpNewReno,0.1,10,4206,46985,67923663
14,4467,ns3::TcpNewReno,0.1,10,8111574,35983371,67978471
23,2548,ns3::TcpNewReno,0.1,10,651078,23486997,68650574
23,2548,ns3::TcpNewReno,0.1,10,651078,23487040,68650617
15,4474,ns3::TcpNewReno,0.1,10,47747,12278027,69006136
15,4474,ns3::TcpNewReno,0.1,10,47747,12278070,69006179
23,8631,ns3::TcpNewReno,0.1,10,5626292,28526899,69200896
23,8631,ns3::TcpNewReno,0.1,10,5626292,28526942,69200939
2,8638,ns3::TcpNewReno,0.1,10,4104,3005389,69369497
18,7991,ns3::TcpNewReno,0.1,10,547946,5823131,69432881
18,7991,ns3::TcpNewReno,0.1,10,547946,5823174,69432924
12,3564,ns3::TcpNewReno,0.1,10,4001040,3484699,69720083
12,3564,ns3::TcpNewReno,0.1,10,4001040,3484742,69720126
10,3828,ns3::TcpNewReno,0.1,10,9632,93591,69919575
10,3828,ns3::TcpNewReno,0.1,10,9632,93634,69919618
6,4164,ns3::TcpNewReno,0.1,10,53834,263506,69929390
6,4164,ns3::TcpNewReno,0.1,10,53834,263549,69929433
20,8970,ns3::TcpNewReno,0.1,10,1992994,2268958,70159142
20,8970,ns3::TcpNewReno,0.1,10,1992994,2269001,70159185
21,3220,ns3::TcpNewReno,0.1,10,4504,300948,70166528
21,3220,ns3::TcpNewReno,0.1,10,4504,300991,70166571
14,1279,ns3::TcpNewReno,0.1,10,42114,972717,70306913
14,1279,ns3::TcpNewReno,0.1,10,42114,972760,70306956
6,4798,ns3::TcpNewReno,0.1,10,71084,1178142,70523436
6,4798,ns3::TcpNewReno,0.1,10,71084,1178185,70523479
15,8971,ns3::TcpNewReno,0.1,10,24243,1319406,71120370
15,8971,ns3::TcpNewReno,0.1,10,24243,1319449,71120413
0,4153,ns3::TcpNewReno,0.1,10,5290796,65986474,71395431
0,4153,ns3::TcpNewReno,0.1,10,5290796,65986517,71395474
20,2223,ns3::TcpNewReno,0.1,10,1204467,6755803,71686226
20,2223,ns3::TcpNewReno,0.1,10,1204467,6755846,71686269
5,5801,ns3::TcpNewReno,0.1,10,96,210883,71821788
5,5801,ns3::TcpNewReno,0.1,10,96,210926,71821831
10,7113,ns3::TcpNewReno,0.1,10,34758,15231408,71930044
10,7113,ns3::TcpNewReno,0.1,10,34758,15231451,71930087
13,7700,ns3::TcpNewReno,0.1,10,24357,1017317,71941274
13,7700,ns3::TcpNewReno,0.1,10,24357,1017360,71941317
23,6431,ns3::TcpNewReno,0.1,10,28165,2186207,72265232
23,6431,ns3::TcpNewReno,0.1,10,28165,2186250,72265275
19,7114,ns3::TcpNewReno,0.1,10,3858,46386,72379871
19,7114,ns3::TcpNewReno,0.1,10,3858,46429,72379914
12,690,ns3::TcpNewReno,0.1,10,78115,4255399,73328930
12,690,ns3::TcpNewReno,0.1,10,78115,4255442,73328973
19,4800,ns3::TcpNewReno,0.1,10,22336,1554361,73559555
19,4800,ns3::TcpNewReno,0.1,10,22336,1554404,73559598
14,2859,ns3::TcpNewReno,0.1,10,32850,2657338,73568480
14,2859,ns3::TcpNewReno,0.1,10,32850,2657381,73568523
13,7702,ns3::TcpNewReno,0.1,10,37705,239807,73654388
13,7702,ns3::TcpNewReno,0.1,10,37705,239850,73654431
7,6430,ns3::TcpNewReno,0.1,10,5762,4683827,74300272
7,6430,ns3::TcpNewReno,0.1,10,5762,4683870,74300315
12,6432,ns3::TcpNewReno,0.1,10,13682,184004,74581738
12,6432,ns3::TcpNewReno,0.1,10,13682,184047,74581781
5,1274,ns3::TcpNewReno,0.1,10,1154230,22625531,74769896
5,1274,ns3::TcpNewReno,0.1,10,1154230,22625574,74769939
7,1580,ns3::TcpNewReno,0.1,10,20933,149977,75354815
7,1580,ns3::TcpNewReno,0.1,10,20933,150020,75354858
23,1894,ns3::TcpNewReno,0.1,10,41359,3485424,75410488
23,1894,ns3::TcpNewReno,0.1,10,41359,3485467,75410531
9,16,ns3::TcpNewReno,0.1,10,79075,5680672,75608145
9,16,ns3::TcpNewReno,0.1,10,79075,5680715,75608188
7,689,ns3::TcpNewReno,0.1,10,408,3774158,75835647
7,689,ns3::TcpNewReno,0.1,10,408,3774201,75835690
7,4163,ns3::TcpNewReno,0.1,10,7638,4205877,75835733
7,4163,ns3::TcpNewReno,0.1,10,7638,4205920,75835776
19,7408,ns3::TcpNewReno,0.1,10,2306098,12757413,76062993
19,7408,ns3::TcpNewReno,0.1,10,2306098,12757456,76063036
15,8322,ns3::TcpNewReno,0.1,10,1862680,4668040,76293590
15,8322,ns3::TcpNewReno,0.1,10,1862680,4668083,76293633
5,2864,ns3::TcpNewReno,0.1,10,8447,801786,76357588
5,2864,ns3::TcpNewReno,0.1,10,8447,801829,76357631
14,5802,ns3::TcpNewReno,0.1,10,18841,1167739,76894602
14,5802,ns3::TcpNewReno,0.1,10,18841,1167782,76894645
15,3827,ns3::TcpNewReno,0.1,10,1271816,9276140,77098596
15,3827,ns3::TcpNewReno,0.1,10,1271816,9276183,77098639
12,6751,ns3::TcpNewReno,0.1,10,11893,139388,77265192
12,6751,ns3::TcpNewReno,0.1,10,11893,139431,77265235
7,4161,ns3::TcpNewReno,0.1,10,21325992,20806085,77793711
7,4161,ns3::TcpNewReno,0.1,10,21325992,20806128,77793754
19,2858,ns3::TcpNewReno,0.1,10,425668,22697810,78071842
19,2858,ns3::TcpNewReno,0.1,10,425668,22697853,78071885
17,993,ns3::TcpNewReno,0.1,10,21728150,17897876,78629460
17,993,ns3::TcpNewReno,0.1,10,21728150,17897919,78629503
17,9892,ns3::TcpNewReno,0.1,10,28094,298711,78795164
17,9892,ns3::TcpNewReno,0.1,10,28094,298754,78795207
8,9293,ns3::TcpNewReno,0.1,10,59674,260865,78806850
8,9293,ns3::TcpNewReno,0.1,10,59674,260908,78806893
11,2551,ns3::TcpNewReno,0.1,10,9448,23375033,78814281
11,2551,ns3::TcpNewReno,0.1,10,9448,23375076,78814324
12,7703,ns3::TcpNewReno,0.1,10,39892,420874,78823197
12,7703,ns3::TcpNewReno,0.1,10,39892,420917,78823240
13,7704,ns3::TcpNewReno,0.1,10,20252,328870,79071946
13,7704,ns3::TcpNewReno,0.1,10,20252,328913,79071989
14,6433,ns3::TcpNewReno,0.1,10,2388245,2212810,79120094
14,6433,ns3::TcpNewReno,0.1,10,2388245,2212853,79120137
2,692,ns3::TcpNewReno,0.1,10,42122,3633314,79306880
2,692,ns3::TcpNewReno,0.1,10,42122,3633357,79306923
3,2554,ns3::TcpNewReno,0.1,10,6132,276767,79456193
3,2554,ns3::TcpNewReno,0.1,10,6132,276810,79456236
11,7411,ns3::TcpNewReno,0.1,10,141197,1969227,80107657
11,7411,ns3::TcpNewReno,0.1,10,141197,1969270,80107700
17,1896,ns3::TcpNewReno,0.1,10,18898,989663,80189218
17,1896,ns3::TcpNewReno,0.1,10,18898,989706,80189261
22,5134,ns3::TcpNewReno,0.1,10,4005404,3743080,80382042
22,5134,ns3::TcpNewReno,0.1,10,4005404,3743123,80382085
2,9294,ns3::TcpNewReno,0.1,10,5030,1125459,80763341
2,9294,ns3::TcpNewReno,0.1,10,5030,1125502,80763384
8,2863,ns3::TcpNewReno,0.1,10,120134,8983308,81584325
8,2863,ns3::TcpNewReno,0.1,10,120134,8983351,81584368
2,7994,ns3::TcpNewReno,0.1,10,105506,4832618,81781630
2,7994,ns3::TcpNewReno,0.1,10,105506,4832661,81781673
4,5136,ns3::TcpNewReno,0.1,10,9432,145712,82115038
4,5136,ns3::TcpNewReno,0.1,10,9432,145755,82115081
17,3830,ns3::TcpNewReno,0.1,10,3817857,4795942,82532689
17,3830,ns3::TcpNewReno,0.1,10,3817857,4795985,82532732
1,6752,ns3::TcpNewReno,0.1,10,8358,2258249,82851923
1,6752,ns3::TcpNewReno,0.1,10,8358,2258292,82851966
2,7409,ns3::TcpNewReno,0.1,10,6233008,14186898,83106161
2,7409,ns3::TcpNewReno,0.1,10,6233008,14186941,83106204
16,9289,ns3::TcpNewReno,0.1,10,68343,14012289,83300794
16,9289,ns3::TcpNewReno,0.1,10,68343,14012332,83300837
7,8640,ns3::TcpNewReno,0.1,10,1325897,6373814,84171221
7,8640,ns3::TcpNewReno,0.1,10,1325897,6373857,84171264
0,5803,ns3::TcpNewReno,0.1,10,8067792,8714923,84530408
0,5803,ns3::TcpNewReno,0.1,10,8067792,8714966,84530451
1,8645,ns3::TcpNewReno,0.1,10,7961,225366,84772035
1,8645,ns3::TcpNewReno,0.1,10,7961,225409,84772078
5,9894,ns3::TcpNewReno,0.1,10,1140720,1199421,84959293
5,9894,ns3::TcpNewReno,0.1,10,1140720,1199464,84959336
15,693,ns3::TcpNewReno,0.1,10,72910,289931,85163715
15,693,ns3::TcpNewReno,0.1,10,72910,289974,85163758
14,2220,ns3::TcpNewReno,0.1,10,23304,9815490,85434895
14,2220,ns3::TcpNewReno,0.1,10,23304,9815533,85434938
1,9896,ns3::TcpNewReno,0.1,10,708377,917589,85645890
1,9896,ns3::TcpNewReno,0.1,10,708377,917632,85645933
4,7705,ns3::TcpNewReno,0.1,10,81,2767208,85646861
4,7705,ns3::TcpNewReno,0.1,10,81,2767251,85646904
18,357,ns3::TcpNewReno,0.1,10,6203636,7444475,85710884
18,357,ns3::TcpNewReno,0.1,10,6203636,7444518,85710927
23,20,ns3::TcpNewReno,0.1,10,5157719,16370799,86103337
23,20,ns3::TcpNewReno,0.1,10,5157719,16370842,86103380
3,9296,ns3::TcpNewReno,0.1,10,65716,6119085,86106553
3,9296,ns3::TcpNewReno,0.1,10,65716,6119128,86106596
22,6116,ns3::TcpNewReno,0.1,10,6492,885541,86120469
22,6116,ns3::TcpNewReno,0.1,10,6492,885584,86120512
11,7707,ns3::TcpNewReno,0.1,10,71883,306891,86713475
11,7707,ns3::TcpNewReno,0.1,10,71883,306934,86713518
12,9295,ns3::TcpNewReno,0.1,10,8427562,7969405,86914190
12,9295,ns3::TcpNewReno,0.1,10,8427562,7969448,86914233
12,6753,ns3::TcpNewReno,0.1,10,155828,5959199,87155635
12,6753,ns3::TcpNewReno,0.1,10,155828,5959242,87155678
4,998,ns3::TcpNewReno,0.1,10,315964,513029,87291014
4,998,ns3::TcpNewReno,0.1,10,315964,513072,87291057
22,7706,ns3::TcpNewReno,0.1,10,2030,1288782,87343655
22,7706,ns3::TcpNewReno,0.1,10,2030,1288825,87343698
19,359,ns3::TcpNewReno,0.1,10,7048406,8361107,87718197
19,359,ns3::TcpNewReno,0.1,10,7048406,8361150,87718240
11,4166,ns3::TcpNewReno,0.1,10,6340,52152,88390037
11,4166,ns3::TcpNewReno,0.1,10,6340,52195,88390080
6,358,ns3::TcpNewReno,0.1,10,4268130,10324539,88802278
6,358,ns3::TcpNewReno,0.1,10,4268130,10324582,88802321
22,8321,ns3::TcpNewReno,0.1,10,1586576,18663173,88977113
22,8321,ns3::TcpNewReno,0.1,10,1586576,18663216,88977156
19,9292,ns3::TcpNewReno,0.1,10,32992,11516913,88999065
19,9292,ns3::TcpNewReno,0.1,10,32992,11516956,88999108
15,1282,ns3::TcpNewReno,0.1,10,20771,142060,89077944
15,1282,ns3::TcpNewReno,0.1,10,20771,142103,89077987
11,7115,ns3::TcpNewReno,0.1,10,71350,13671505,89092706
11,7115,ns3::TcpNewReno,0.1,10,71350,13671548,89092749
9,2867,ns3::TcpNewReno,0.1,10,6007,1295938,89241151
9,2867,ns3::TcpNewReno,0.1,10,6007,1295981,89241194
14,2225,ns3::TcpNewReno,0.1,10,22005,1516614,89292038
14,2225,ns3::TcpNewReno,0.1,10,22005,1516719,89292143
10,361,ns3::TcpNewReno,0.1,10,17649,1190913,89357667
10,361,ns3::TcpNewReno,0.1,10,17649,1190956,89357710
10,9298,ns3::TcpNewReno,0.1,10,35696,205364,89773648
10,9298,ns3::TcpNewReno,0.1,10,35696,205407,89773691
11,9900,ns3::TcpNewReno,0.1,10,920661,1046702,89985320
11,9900,ns3::TcpNewReno,0.1,10,920661,1046745,89985363
14,3832,ns3::TcpNewReno,0.1,10,59767,250173,90323358
14,3832,ns3::TcpNewReno,0.1,10,59767,250216,90323401
13,6755,ns3::TcpNewReno,0.1,10,3464647,3394711,90416261
13,6755,ns3::TcpNewReno,0.1,10,3464647,3394754,90416304
21,5457,ns3::TcpNewReno,0.1,10,4689774,54190153,90622315
21,5457,ns3::TcpNewReno,0.1,10,4689774,54190196,90622358
12,1283,ns3::TcpNewReno,0.1,10,50736,242819,90939109
12,1283,ns3::TcpNewReno,0.1,10,50736,242862,90939152
18,2224,ns3::TcpNewReno,0.1,10,29940,4675572,90974775
18,2224,ns3::TcpNewReno,0.1,10,29940,4675615,90974818
20,5135,ns3::TcpNewReno,0.1,10,8667,3674151,91343735
18,6437,ns3::TcpNewReno,0.1,10,23978,284433,91393162
18,6437,ns3::TcpNewReno,0.1,10,23978,284476,91393205
3,4167,ns3::TcpNewReno,0.1,10,24861,217745,91479854
3,4167,ns3::TcpNewReno,0.1,10,24861,217788,91479897
20,7997,ns3::TcpNewReno,0.1,10,19799,5128702,91770186
20,7997,ns3::TcpNewReno,0.1,10,19799,5128745,91770229
1,4481,ns3::TcpNewReno,0.1,10,337924,544124,92047351
1,4481,ns3::TcpNewReno,0.1,10,337924,544167,92047394
10,5126,ns3::TcpNewReno,0.1,10,97086,37899789,92224696
10,5126,ns3::TcpNewReno,0.1,10,97086,37899832,92224739
4,6119,ns3::TcpNewReno,0.1,10,29367,189109,92427294
4,6119,ns3::TcpNewReno,0.1,10,29367,189152,92427337
7,8646,ns3::TcpNewReno,0.1,10,1296,848737,92596297
7,8646,ns3::TcpNewReno,0.1,10,1296,848780,92596340
18,6436,ns3::TcpNewReno,0.1,10,2302201,2861260,93277545
18,6436,ns3::TcpNewReno,0.1,10,2302201,2861303,93277588
13,5138,ns3::TcpNewReno,0.1,10,11354,5425865,93643849
13,5138,ns3::TcpNewReno,0.1,10,11354,5425908,93643892
5,3222,ns3::TcpNewReno,0.1,10,39549,4931119,93879109
5,3222,ns3::TcpNewReno,0.1,10,39549,4931162,93879152
16,4801,ns3::TcpNewReno,0.1,10,3034796,22507582,94581993
16,4801,ns3::TcpNewReno,0.1,10,3034796,22507625,94582036
2,25,ns3::TcpNewReno,0.1,10,1385343,1402566,94828150
2,25,ns3::TcpNewReno,0.1,10,1385343,1402609,94828193
8,9595,ns3::TcpNewReno,0.1,10,69794,287438,95108023
8,9595,ns3::TcpNewReno,0.1,10,69794,287481,95108066
5,4480,ns3::TcpNewReno,0.1,10,50348,3433552,95629786
5,4480,ns3::TcpNewReno,0.1,10,50348,3433638,95629872
21,4484,ns3::TcpNewReno,0.1,10,522352,967099,95711398
21,4484,ns3::TcpNewReno,0.1,10,522352,967142,95711441
6,1888,ns3::TcpNewReno,0.1,10,7416453,53101807,95732028
6,1888,ns3::TcpNewReno,0.1,10,7416453,53101850,95732071
18,3217,ns3::TcpNewReno,0.1,10,21610,40357409,95977260
18,3217,ns3::TcpNewReno,0.1,10,21610,40357452,95977303
9,8974,ns3::TcpNewReno,0.1,10,3719747,4567652,96211869
9,8974,ns3::TcpNewReno,0.1,10,3719747,4567695,96211912
18,9299,ns3::TcpNewReno,0.1,10,21767,4006138,97166913
18,9299,ns3::TcpNewReno,0.1,10,21767,4006181,97166956
18,7117,ns3::TcpNewReno,0.1,10,24083,5777943,97278119
18,7117,ns3::TcpNewReno,0.1,10,24083,5777986,97278162
0,8001,ns3::TcpNewReno,0.1,10,45862,289242,97576726
0,8001,ns3::TcpNewReno,0.1,10,45862,289285,97576769
21,996,ns3::TcpNewReno,0.1,10,1713670,14846305,97890942
21,996,ns3::TcpNewReno,0.1,10,1713670,14846348,97890985
18,7407,ns3::TcpNewReno,0.1,10,26602,32013787,98179824
18,7407,ns3::TcpNewReno,0.1,10,26602,32013830,98179867
19,364,ns3::TcpNewReno,0.1,10,28514,3819592,98478361
19,364,ns3::TcpNewReno,0.1,10,28514,3819635,98478404
0,9899,ns3::TcpNewReno,0.1,10,7097992,10820587,98570741
0,9899,ns3::TcpNewReno,0.1,10,7097992,10820630,98570784
12,4804,ns3::TcpNewReno,0.1,10,7208570,6666065,98643915
12,4804,ns3::TcpNewReno,0.1,10,7208570,6666108,98643958
5,7708,ns3::TcpNewReno,0.1,10,19952,150220,98815204
5,7708,ns3::TcpNewReno,0.1,10,19952,150263,98815247
19,7999,ns3::TcpNewReno,0.1,10,27836,3191357,99010413
19,7999,ns3::TcpNewReno,0.1,10,27836,3191400,99010456
11,8647,ns3::TcpNewReno,0.1,10,67974,7215718,99404137
11,8647,ns3::TcpNewReno,0.1,10,67974,7215761,99404180
2,2558,ns3::TcpNewReno,0.1,10,353584,10725406,99554443
2,2558,ns3::TcpNewReno,0.1,10,353584,10725449,99554486
6,14,ns3::TcpNewReno,0.1,10,28331,32913905,99660228
6,14,ns3::TcpNewReno,0.1,10,28331,32913948,99660271
13,999,ns3::TcpNewReno,0.1,10,377692,10967051,99682637
13,999,ns3::TcpNewReno,0.1,10,377692,10967094,99682680
20,8315,ns3::TcpNewReno,0.1,10,24454,35961182,100253590
20,8315,ns3::TcpNewReno,0.1,10,24454,35961225,100253633
8,5468,ns3::TcpNewReno,0.1,10,37790,236773,100750957
8,5468,ns3::TcpNewReno,0.1,10,37790,236816,100751000
4,1003,ns3::TcpNewReno,0.1,10,3413,64096,102232550
4,1003,ns3::TcpNewReno,0.1,10,3413,64139,102232593
14,5466,ns3::TcpNewReno,0.1,10,25417,3763317,102372921
14,5466,ns3::TcpNewReno,0.1,10,25417,3763360,102372964
9,4479,ns3::TcpNewReno,0.1,10,78329,10987306,102984355
9,4479,ns3::TcpNewReno,0.1,10,78329,10987349,102984398
1,6435,ns3::TcpNewReno,0.1,10,747595,12703737,103043774
1,6435,ns3::TcpNewReno,0.1,10,747595,12703780,103043817
0,8326,ns3::TcpNewReno,0.1,10,6027901,5945220,103050853
0,8326,ns3::TcpNewReno,0.1,10,6027901,5945263,103050896
3,4486,ns3::TcpNewReno,0.1,10,2162,2175825,103159864
3,4486,ns3::TcpNewReno,0.1,10,2162,2175868,103159907
14,9596,ns3::TcpNewReno,0.1,10,51794,247297,103253417
14,9596,ns3::TcpNewReno,0.1,10,51794,247340,103253460
12,682,ns3::TcpNewReno,0.1,10,408806,58563348,103631174
12,682,ns3::TcpNewReno,0.1,10,408806,58563391,103631217
10,3224,ns3::TcpNewReno,0.1,10,1509398,13201614,103692669
10,3224,ns3::TcpNewReno,0.1,10,1509398,13201657,103692712
6,9902,ns3::TcpNewReno,0.1,10,34981,196853,103732228
6,9902,ns3::TcpNewReno,0.1,10,34981,196896,103732271
13,1898,ns3::TcpNewReno,0.1,10,3431482,3166516,104186701
13,1898,ns3::TcpNewReno,0.1,10,3431482,3166559,104186744
0,1586,ns3::TcpNewReno,0.1,10,79897,295606,104337790
0,1586,ns3::TcpNewReno,0.1,10,79897,295649,104337833
11,8003,ns3::TcpNewReno,0.1,10,1048659,1130504,105728828
11,8003,ns3::TcpNewReno,0.1,10,1048659,1130547,105728871
5,6118,ns3::TcpNewReno,0.1,10,3265141,14870278,105825264
5,6118,ns3::TcpNewReno,0.1,10,3265141,14870321,105825307
22,5809,ns3::TcpNewReno,0.1,10,56045,8079854,106040105
22,5809,ns3::TcpNewReno,0.1,10,56045,8079897,106040148
6,5807,ns3::TcpNewReno,0.1,10,4232584,17393151,106841464
6,5807,ns3::TcpNewReno,0.1,10,4232584,17393194,106841507
10,366,ns3::TcpNewReno,0.1,10,57586,4703589,106911871
10,366,ns3::TcpNewReno,0.1,10,57586,4703632,106911914
10,4169,ns3::TcpNewReno,0.1,10,70188,8900167,106941264
10,4169,ns3::TcpNewReno,0.1,10,70188,8900210,106941307
5,4806,ns3::TcpNewReno,0.1,10,45488,5242558,107090159
5,4806,ns3::TcpNewReno,0.1,10,45488,5242601,107090202
7,4173,ns3::TcpNewReno,0.1,10,20444,143197,107216614
7,4173,ns3::TcpNewReno,0.1,10,20444,143240,107216657
15,4168,ns3::TcpNewReno,0.1,10,774646,12061724,107490501
15,4168,ns3::TcpNewReno,0.1,10,774646,12061767,107490544
6,4487,ns3::TcpNewReno,0.1,10,60647,4042104,107493763
6,4487,ns3::TcpNewReno,0.1,10,60647,4042147,107493806
7,4795,ns3::TcpNewReno,0.1,10,61407,41543540,108133218
7,4795,ns3::TcpNewReno,0.1,10,61407,41543583,108133261
19,7710,ns3::TcpNewReno,0.1,10,4189,2305825,109275487
19,7710,ns3::TcpNewReno,0.1,10,4189,2305868,109275530
9,363,ns3::TcpNewReno,0.1,10,1218224,17519201,110053558
9,363,ns3::TcpNewReno,0.1,10,1218224,17519244,110053601
16,4805,ns3::TcpNewReno,0.1,10,46701,15648286,110138093
16,4805,ns3::TcpNewReno,0.1,10,46701,15648329,110138136
23,696,ns3::TcpNewReno,0.1,10,35041,9167686,110372026
23,696,ns3::TcpNewReno,0.1,10,35041,9171372,110375712
13,6124,ns3::TcpNewReno,0.1,10,4629,46463,110804647
13,6124,ns3::TcpNewReno,0.1,10,4629,46506,110804690
0,28,ns3::TcpNewReno,0.1,10,22896,3545732,110974140
0,28,ns3::TcpNewReno,0.1,10,22896,3545775,110974183
5,9594,ns3::TcpNewReno,0.1,10,1849138,19020577,111245832
5,9594,ns3::TcpNewReno,0.1,10,1849138,19020620,111245875
3,1287,ns3::TcpNewReno,0.1,10,42038,564922,112268170
3,1287,ns3::TcpNewReno,0.1,10,42038,564965,112268213
21,5472,ns3::TcpNewReno,0.1,10,7785,3455275,112358657
21,5472,ns3::TcpNewReno,0.1,10,7785,3455318,112358700
11,9303,ns3::TcpNewReno,0.1,10,444129,680383,112410567
11,9303,ns3::TcpNewReno,0.1,10,444129,680426,112410610
22,7709,ns3::TcpNewReno,0.1,10,48643,11091978,112796344
22,7709,ns3::TcpNewReno,0.1,10,48643,11092021,112796387
1,2229,ns3::TcpNewReno,0.1,10,8121885,7070338,113050523
1,2229,ns3::TcpNewReno,0.1,10,8121885,7070381,113050566
1,6121,ns3::TcpNewReno,0.1,10,27771,12426179,113087393
1,6121,ns3::TcpNewReno,0.1,10,27771,12426222,113087436
1,7711,ns3::TcpNewReno,0.1,10,952850,1754703,114004447
1,7711,ns3::TcpNewReno,0.1,10,952850,1754746,114004490
22,6438,ns3::TcpNewReno,0.1,10,392048,20040088,114934643
22,6438,ns3::TcpNewReno,0.1,10,392048,20040131,114934686
23,367,ns3::TcpNewReno,0.1,10,42745,12231968,114984628
23,367,ns3::TcpNewReno,0.1,10,42745,12232011,114984671
7,3227,ns3::TcpNewReno,0.1,10,8918,51034,115061219
7,3227,ns3::TcpNewReno,0.1,10,8918,51077,115061262
1,6126,ns3::TcpNewReno,0.1,10,8452,50661,115219845
1,6126,ns3::TcpNewReno,0.1,10,8452,50704,115219888
3,4473,ns3::TcpNewReno,0.1,10,1174027,64808939,116328664
3,4473,ns3::TcpNewReno,0.1,10,1174027,64816180,116335905
20,1006,ns3::TcpNewReno,0.1,10,3350,2952949,116369627
20,1006,ns3::TcpNewReno,0.1,10,3350,2952992,116369670
14,5140,ns3::TcpNewReno,0.1,10,3155319,22597495,117134378
14,5140,ns3::TcpNewReno,0.1,10,3155319,22597538,117134421
16,4490,ns3::TcpNewReno,0.1,10,3605,2720497,117176026
16,4490,ns3::TcpNewReno,0.1,10,3605,2720540,117176069
23,1007,ns3::TcpNewReno,0.1,10,3969698,3813821,117318625
23,1007,ns3::TcpNewReno,0.1,10,3969698,3813864,117318668
18,699,ns3::TcpNewReno,0.1,10,6845,567092,117659016
18,699,ns3::TcpNewReno,0.1,10,6845,567135,117659059
23,4809,ns3::TcpNewReno,0.1,10,5698,448174,117715493
23,4809,ns3::TcpNewReno,0.1,10,5698,448217,117715536
16,2230,ns3::TcpNewReno,0.1,10,21974,6089484,117832136
16,2230,ns3::TcpNewReno,0.1,10,21974,6089527,117832179
1,29,ns3::TcpNewReno,0.1,10,893359,978710,118173894
1,29,ns3::TcpNewReno,0.1,10,893359,978753,118173937
13,1009,ns3::TcpNewReno,0.1,10,55040,246306,118380491
13,1009,ns3::TcpNewReno,0.1,10,55040,246349,118380534
20,7714,ns3::TcpNewReno,0.1,10,174424,737470,118511317
20,7714,ns3::TcpNewReno,0.1,10,174424,737513,118511360
2,695,ns3::TcpNewReno,0.1,10,4487847,20127651,118824084
2,8650,ns3::TcpNewReno,0.1,10,3883165,3486598,119152638
2,8650,ns3::TcpNewReno,0.1,10,3883165,3486641,119152681
4,5810,ns3::TcpNewReno,0.1,10,3746131,19667181,119221717
4,5810,ns3::TcpNewReno,0.1,10,3746131,19667224,119221760
10,6128,ns3::TcpNewReno,0.1,10,6675,49240,120667219
10,6128,ns3::TcpNewReno,0.1,10,6675,49283,120667262
16,1585,ns3::TcpNewReno,0.1,10,4495134,17968673,121490337
16,1585,ns3::TcpNewReno,0.1,10,4495134,17968716,121490380
8,6441,ns3::TcpNewReno,0.1,10,1747933,1716390,121829574
8,6441,ns3::TcpNewReno,0.1,10,1747933,1716433,121829617
18,6442,ns3::TcpNewReno,0.1,10,3918,313650,121926717
18,6442,ns3::TcpNewReno,0.1,10,3918,313693,121926760
20,1286,ns3::TcpNewReno,0.1,10,1713872,8181919,122138150
20,1286,ns3::TcpNewReno,0.1,10,1713872,8181962,122138193
16,7998,ns3::TcpNewReno,0.1,10,26802034,33685267,122756023
16,7998,ns3::TcpNewReno,0.1,10,26802034,33685310,122756066
1,6130,ns3::TcpNewReno,0.1,10,108690,360898,123149082
1,6130,ns3::TcpNewReno,0.1,10,108690,360941,123149125
15,2869,ns3::TcpNewReno,0.1,10,3869448,3421950,123716134
15,2869,ns3::TcpNewReno,0.1,10,3869448,3421993,123716177
20,3570,ns3::TcpNewReno,0.1,10,44449,1456563,123812910
20,3570,ns3::TcpNewReno,0.1,10,44449,1456606,123812953
1,4489,ns3::TcpNewReno,0.1,10,155080,19036794,123958771
1,4489,ns3::TcpNewReno,0.1,10,155080,19036837,123958814
23,8978,ns3::TcpNewReno,0.1,10,27190,16803761,124359494
0,6125,ns3::TcpNewReno,0.1,10,33226,9267265,124393310
0,6125,ns3::TcpNewReno,0.1,10,33226,9267308,124393353
5,9598,ns3::TcpNewReno,0.1,10,4616688,3965643,124675827
5,9598,ns3::TcpNewReno,0.1,10,4616688,3965686,124675870
12,6127,ns3::TcpNewReno,0.1,10,8523,2554199,124682048
12,6127,ns3::TcpNewReno,0.1,10,8523,2554242,124682091
13,7715,ns3::TcpNewReno,0.1,10,6392,1571407,124776632
13,7715,ns3::TcpNewReno,0.1,10,6392,1571450,124776675
11,6129,ns3::TcpNewReno,0.1,10,665,2331767,125002755
11,6129,ns3::TcpNewReno,0.1,10,665,2331810,125002798
12,1591,ns3::TcpNewReno,0.1,10,36140,10065746,125297722
12,1591,ns3::TcpNewReno,0.1,10,36140,10065789,125297765
9,9909,ns3::TcpNewReno,0.1,10,402283,604510,125469695
9,9909,ns3::TcpNewReno,0.1,10,402283,604553,125469738
9,7415,ns3::TcpNewReno,0.1,10,75298,407964,125525965
9,7415,ns3::TcpNewReno,0.1,10,75298,408007,125526008
23,1592,ns3::TcpNewReno,0.1,10,7113,2682970,125581078
23,1592,ns3::TcpNewReno,0.1,10,7113,2683013,125581121
5,9300,ns3::TcpNewReno,0.1,10,49850,25575833,125661064
5,9300,ns3::TcpNewReno,0.1,10,49850,25575876,125661107
12,5143,ns3::TcpNewReno,0.1,10,25021,6555821,125699605
12,5143,ns3::TcpNewReno,0.1,10,25021,6555864,125699648
3,8010,ns3::TcpNewReno,0.1,10,30526,190037,125732873
3,8010,ns3::TcpNewReno,0.1,10,30526,190080,125732916
0,4810,ns3::TcpNewReno,0.1,10,59907,257127,125746538
0,4810,ns3::TcpNewReno,0.1,10,59907,257170,125746581
14,8007,ns3::TcpNewReno,0.1,10,34612,6510139,125761548
14,8007,ns3::TcpNewReno,0.1,10,34612,6510182,125761591
12,7122,ns3::TcpNewReno,0.1,10,35614,6437404,125812694
12,7122,ns3::TcpNewReno,0.1,10,35614,6437447,125812737
13,6131,ns3::TcpNewReno,0.1,10,135650,358953,126459138
13,6131,ns3::TcpNewReno,0.1,10,135650,358996,126459181
9,3571,ns3::TcpNewReno,0.1,10,22999,143843,126475027
9,3571,ns3::TcpNewReno,0.1,10,22999,143886,126475070
23,3833,ns3::TcpNewReno,0.1,10,2839390,32675837,126513910
23,3833,ns3::TcpNewReno,0.1,10,2839390,32675880,126513953
4,703,ns3::TcpNewReno,0.1,10,126289,351378,126832562
4,703,ns3::TcpNewReno,0.1,10,126289,351421,126832605
20,1289,ns3::TcpNewReno,0.1,10,59280,493729,127035247
20,1289,ns3::TcpNewReno,0.1,10,59280,493772,127035290
3,1010,ns3::TcpNewReno,0.1,10,547131,7194069,127145003
3,1010,ns3::TcpNewReno,0.1,10,547131,7194112,127145046
1,6445,ns3::TcpNewReno,0.1,10,15913,138131,127456316
1,6445,ns3::TcpNewReno,0.1,10,15913,138174,127456359
4,2234,ns3::TcpNewReno,0.1,10,168329,417993,127696177
4,2234,ns3::TcpNewReno,0.1,10,168329,418036,127696220
13,8653,ns3::TcpNewReno,0.1,10,20135,141552,127775930
13,8653,ns3::TcpNewReno,0.1,10,20135,141595,127775973
17,706,ns3::TcpNewReno,0.1,10,6828,265712,128494286
17,706,ns3::TcpNewReno,0.1,10,6828,265755,128494329
16,6759,ns3::TcpNewReno,0.1,10,1677780,17269797,128527299
16,6759,ns3::TcpNewReno,0.1,10,1677780,17269840,128527342
21,7718,ns3::TcpNewReno,0.1,10,56762,247726,130416910
21,7718,ns3::TcpNewReno,0.1,10,56762,247769,130416953
5,9306,ns3::TcpNewReno,0.1,10,4291310,3720196,132046381
5,9306,ns3::TcpNewReno,0.1,10,4291310,3720239,132046424
3,9908,ns3::TcpNewReno,0.1,10,25153,9374702,133255622
3,9908,ns3::TcpNewReno,0.1,10,25153,9374745,133255665
11,9914,ns3::TcpNewReno,0.1,10,2159539,2018912,133325096
11,9914,ns3::TcpNewReno,0.1,10,2159539,2018955,133325139
10,8333,ns3::TcpNewReno,0.1,10,5375,275783,134451015
10,8333,ns3::TcpNewReno,0.1,10,5375,275826,134451058
